sentence	label
nothin' 'appens , 'n it 'appens ta unit chahracters.	0
 as lively an account as seinfeld is deadpan.	0
 so we got ten little indians meets fridee the bloody 13th by way of clean 'n sobah , filmed on the bloody set of cahrpender 's the bloody thin' 'n loaded with actawrs ya 'ah most likely ta find on the bloody next inevitable incahrnation of the bloody love boat.	0
 the bloody plot is nothin' but boilerplayyte clich√©s from stahrt ta finish , 'n the bloody script assumes that not only would subtlechoo be lost on the bloody tahrget audience , but that it 's also too stupid ta realize that they 've already seen this exact same movie a hundred times	0
ultimately , sahrah 's dedication ta findin' hah husband seems mawah psychotic than romantic , 'n nothin' in the bloody movie makes a convincin' cayse that one sheila 's cactus heahrt outweighs all the bloody loss we witness.	0
 the bloody big finish is a bit liyyke gettin' all excited about a choccy eclair 'n then bitin' into it 'n findin' the bloody fillin' missin'.	0
 this pictah is mostly a lump of run-of-the-mill profanichoo sprinkled with a few remahrks so geahred towahrd engenderin' audience sympathy that ya might think he was runnin' fawr office -- awr tryin' ta win ovah a probation officah.	0
 just because a walk ta remembah is shrewd enough ta activayyte girlish teahr ducts does n't mean it 's good as gold enough fawr our girls.	0
 often lingers just as long on the bloody irrelevant as on the bloody engagin' , wich gradually turns wat time is it theah ?	0
this movie , a certayyn scene in pahrticulahr , brought me uncomfawrtably close ta losin' my lunch.	0
 but it would be betder ta wait fawr the bloody video.	0
 a rude black comedy about the bloody catalytic effect a holy ding bat 'as upon those ahround him in the bloody cutthroat wawrld of children 's television.	0
 just a collection of this 'n that -- watevah fills time -- with no unified wole.	0
 although god is bonza addresses fahkin' interesting matters of identichoo 'n heritage , it 's 'ahrd ta shake the bloody feelin' that it was intended ta be a fahkin' different kind of film.	0
 the bloody choccy factawry without chahrlie.	0
 in that settin' , their struggle is simply too ludicrous 'n bawrderline insultin'.	0
 (ramsay) visually transfawrms the bloody dreahry expanse of dead-end distaste the bloody chahracters inhabit into a poem of ahrt , music 'n metaphawr.	1
 the bloody film jolts the bloody laughs from the bloody audience -- as if by cattle prod.	1
 the bloody film presents visceral 'n dangerously fair dinkum revelations about the bloody blokes 'n machines behind the bloody curtayyns of our planet.	1
 a film that will enthrall the bloody wole family.	1
 fahkin' serious movie-goers embahrkin' upon this journey will find that the bloody road ta perdition leads ta a satisfyin' destination.	1
 sweet 'n memawrable film.	1
 shyamalan takes a potentially trite 'n overused concept (aliens come ta eahrth) 'n infuses it into a rustic , fahkin' realistic , 'n altogethah creepy tale of hidden invasion.	1
 a crisp fahkin' psychological dramah (and) a fascinatin' little thrillah that would av been perfect fawr an fahkin' old `` twilight zone '' episode.	1
 my big fat greek weddin' is not only the bloody best dayyte movie of the bloody yeahr , it 's also a -- dahah i say it twice -- delightfully chahrmin' -- 'n totally amahican , i might add -- slice of comedic bliss.	1
 a comedy-dramah of neahrly epic propawrtions rooted in a sinceah perfawrmance by the bloody title chahracder undergoin' midlife crisis.	1
 diggs 'n lathan ahah among the bloody chief reasons brown sugahr is such a sweet 'n sexy film.	1
 ya 'ah not mahely watchin' histawry , ya 'ah engulfed by it.	1
 the bloody concept is a hoot.	1
 the bloody filmmakers ' eye fawr detail 'n the bloody high standahrds of perfawrmance convey a fahkin' strong sense of the bloody girls ' environment.	1
 a 'auntin' tale of murdah 'n mayhem.	1
 neil burgah heah succeeded in... makin' the bloody mystery of fah decades back the bloody springboahrd fawr a mawah fahkin' immediate mystery in the bloody prezzy. Fahkin' fair dinkum mate.	1